{
	"format_version": "1.8.0",
	"animations": {
		"animation.rifle_reload_cock_third_person": {
			"loop": "hold_on_last_frame",
			"animation_length": 0.5,
			"override_previous_animation": true,
			"anim_time_update": "q.anim_time + q.delta_time*v.reload_cock_animation_multiplier",
			"bones": {
				"rightItem": {
					"rotation": {
						"0.0": [0.65426, -4.95712, -7.52832],
						"0.11": {
							"pre": [0.65, -4.96, -7.53],
							"post": [0.65, -4.96, -7.53],
							"lerp_mode": "catmullrom"
						},
						"0.33": {
							"post": [-1.1, -4.96, -7.53],
							"lerp_mode": "catmullrom"
						},
						"0.48": [0.65, -4.96, -7.53]
					},
					"position": {
						"0.0": [0.10832, -1, -0.22544],
						"0.11": {
							"pre": [0.11, -1, -0.23],
							"post": [0.11, -1, -0.23],
							"lerp_mode": "catmullrom"
						},
						"0.33": {
							"post": [0.20968, -0.83197, -0.18721],
							"lerp_mode": "catmullrom"
						},
						"0.48": [0.11, -1, -0.23]
					}
				},
				"head": {
					"rotation": [15.0547, 4.82922, 1.29717]
				},
				"rightArm_custom": {
					"rotation": [-75.71239, -29.89333, 29.41491],
					"position": [-0.47311, 1.8613, 1.8996]
				},
				"leftArm_custom": {
					"rotation": {
						"0.0": [-78.03773, 21.7266, 12.09879],
						"0.1": [-78.03773, 21.7266, 12.09879],
						"0.22": {
							"pre": [-78.04, 21.73, 12.1],
							"post": [-78.04, 21.73, 12.1],
							"lerp_mode": "catmullrom"
						},
						"0.26": {
							"post": [-78.04, 21.73, 12.1],
							"lerp_mode": "catmullrom"
						},
						"0.32": {
							"post": [-78.04, 21.73, 12.1],
							"lerp_mode": "catmullrom"
						},
						"0.5": [-78.03773, 21.7266, 12.09879]
					},
					"position": {
						"0.0": [-1.53, -0.81, -3.71],
						"0.1": [-1.53, -0.81, -3.71],
						"0.22": {
							"pre": [-2.09, 0.19, -1.3],
							"post": [-2.09, 0.19, -1.3],
							"lerp_mode": "catmullrom"
						},
						"0.26": {
							"post": [-2.43, 0.79, 0.14],
							"lerp_mode": "catmullrom"
						},
						"0.32": {
							"post": [-2.35, 0.66, -0.18],
							"lerp_mode": "catmullrom"
						},
						"0.5": [-1.53, -0.81, -3.71]
					}
				},
				"magazine_old": {
					"scale": 0
				},
				"magazine_new": {
					"scale": 0
				},
				"bolt_handle": {
					"position": {
						"0.12": [0, 0, 0],
						"0.26": [-0.14096, 0.12546, 3.57372],
						"0.3": [-0.14096, 0.12546, 3.57372],
						"0.5": [0, 0, 0]
					}
				},
				"magazine": {
					"scale": 1
				}
			}
		},
		"animation.p90_reload_cock_third_person": {
			"loop": "hold_on_last_frame",
			"animation_length": 0.5,
			"override_previous_animation": true,
			"anim_time_update": "q.anim_time + q.delta_time*v.reload_cock_animation_multiplier",
			"bones": {
				"rightItem": {
					"rotation": {
						"0.0": [0.65426, -4.95712, -7.52832],
						"0.1": {
							"pre": [0.65, -4.96, -7.53],
							"post": [0.65, -4.96, -7.53],
							"lerp_mode": "catmullrom"
						},
						"0.33": {
							"post": [-1.1, -4.96, -7.53],
							"lerp_mode": "catmullrom"
						},
						"0.48": [0.65, -4.96, -7.53]
					},
					"position": {
						"0.0": [0.10832, -1, -0.22544],
						"0.1": {
							"pre": [0.11, -1, -0.23],
							"post": [0.11, -1, -0.23],
							"lerp_mode": "catmullrom"
						},
						"0.33": {
							"post": [0.20968, -0.83197, -0.18721],
							"lerp_mode": "catmullrom"
						},
						"0.48": [0.11, -1, -0.23]
					}
				},
				"head": {
					"rotation": [15.0547, 4.82922, 1.29717]
				},
				"rightArm_custom": {
					"rotation": [-75.71239, -29.89333, 29.41491],
					"position": [-0.47311, 1.8613, 1.8996]
				},
				"leftArm_custom": {
					"rotation": {
						"0.0": [-56.66874, 7.69306, 36.6368],
						"0.1": [-57.75098, 11.75907, 30.24116],
						"0.22": {
							"pre": [-57.75098, 11.75907, 30.24116],
							"post": [-57.75098, 11.75907, 30.24116],
							"lerp_mode": "catmullrom"
						},
						"0.32": {
							"post": [-57.75098, 11.75907, 30.24116],
							"lerp_mode": "catmullrom"
						},
						"0.5": [-56.66874, 7.69306, 36.6368]
					},
					"position": {
						"0.0": [-1.28, -0.46, -0.66],
						"0.1": [-1.28, -0.46, -0.66],
						"0.22": {
							"pre": [-2.405, 1.24, 1.89],
							"post": [-2.405, 1.24, 1.89],
							"lerp_mode": "catmullrom"
						},
						"0.32": {
							"post": [-2.03, 0.815, 1.44],
							"lerp_mode": "catmullrom"
						},
						"0.5": [-1.28, -0.46, -0.66]
					}
				},
				"magazine_old": {
					"scale": 0
				},
				"magazine_new": {
					"scale": 0
				},
				"bolt_handle": {
					"position": {
						"0.1": [0, 0, 0],
						"0.22": {
							"pre": [0, 0, 2.675],
							"post": [0, 0, 2.675],
							"lerp_mode": "catmullrom"
						},
						"0.32": {
							"post": [0, 0, 2.675],
							"lerp_mode": "catmullrom"
						},
						"0.5": [0, 0, 0]
					}
				},
				"magazine": {
					"scale": 1
				}
			}
		},
		"animation.pistol_reload_cock_third_person": {
			"loop": "hold_on_last_frame",
			"animation_length": 0.5,
			"override_previous_animation": true,
			"anim_time_update": "q.anim_time + q.delta_time*v.reload_cock_animation_multiplier",
			"bones": {
				"rightItem": {
					"rotation": {
						"0.0": [0.65426, -4.95712, -7.52832],
						"0.11": {
							"pre": [0.65, -4.96, -7.53],
							"post": [0.65, -4.96, -7.53],
							"lerp_mode": "catmullrom"
						},
						"0.33": {
							"post": [-1.1, -4.96, -7.53],
							"lerp_mode": "catmullrom"
						},
						"0.48": [0.65, -4.96, -7.53]
					},
					"position": {
						"0.0": [0.10832, -1, -0.22544],
						"0.11": {
							"pre": [0.11, -1, -0.23],
							"post": [0.11, -1, -0.23],
							"lerp_mode": "catmullrom"
						},
						"0.33": {
							"post": [0.20968, -0.83197, -0.18721],
							"lerp_mode": "catmullrom"
						},
						"0.48": [0.11, -1, -0.23]
					}
				},
				"head": {
					"rotation": [15.0547, 4.82922, 1.29717]
				},
				"rightArm_custom": {
					"rotation": [-68.99247, -20.5598, 15.29902],
					"position": [0.19179, 0.56443, -0.72262]
				},
				"leftArm_custom": {
					"rotation": {
						"0.0": [-72.01919, 17.1663, 30.03101],
						"0.1": {
							"pre": [-72.01919, 17.1663, 30.03101],
							"post": [-72.01919, 17.1663, 30.03101],
							"lerp_mode": "catmullrom"
						},
						"0.26": {
							"post": [-78.04, 21.73, 12.1],
							"lerp_mode": "catmullrom"
						},
						"0.5": [-72.01919, 17.1663, 30.03101]
					},
					"position": {
						"0.0": [-2.03, -0.135, -2.985],
						"0.1": {
							"pre": [-2.03, -0.135, -2.985],
							"post": [-2.03, -0.135, -2.985],
							"lerp_mode": "catmullrom"
						},
						"0.26": {
							"post": [-2.43, 0.79, 0.14],
							"lerp_mode": "catmullrom"
						},
						"0.5": [-2.03, -0.135, -2.985]
					}
				},
				"magazine_old": {
					"scale": 0
				},
				"magazine_new": {
					"scale": 0
				},
				"magazine": {
					"scale": 1
				},
				"pistol_slide": {
					"position": {
						"0.12": [0, 0, 0],
						"0.26": [0, 0, 2.5],
						"0.47": [0, 0, 0]
					}
				},
				"hammer": {
					"rotation": {
						"0.0": [0, 0, 0],
						"0.12": [0, 0, 0],
						"0.17": [-85, 0, 0],
						"0.35": [-85, 0, 0],
						"0.43": [-85, 0, 0],
						"0.47": [7.5, 0, 0],
						"0.5": [0, 0, 0]
					},
					"position": {
						"0.0": [0, 0, 0],
						"0.12": [0, 0, 0],
						"0.17": [0, 0, 0],
						"0.35": [0, 0, 0],
						"0.43": [0, 0, 0],
						"0.47": [0, 0, 0],
						"0.5": [0, 0, 0]
					}
				}
			}
		},
		"animation.shotgun_reload_cock_third_person": {
			"loop": "hold_on_last_frame",
			"animation_length": 0.4,
			"override_previous_animation": true,
			"anim_time_update": "q.anim_time + q.delta_time*v.reload_cock_animation_multiplier",